Nombre,Símbolo,Precio,Market Cap,Volumen (24h)
Bitcoin,BTC,74398.37143226175,1486677063291.1138,63629736416.2029
Ethereum,ETH,2187.4775824019057,264014669890.4089,41272223037.979515
Tether USDt,USDT,0.9987016690740643,185113020375.63358,128722155166.1709
BNB,BNB,755.1868483886922,102977189330.33351,2459599693.3791203
XRP,XRP,1.5734082232680446,95746977743.31151,3653913844.03334
USDC,USDC,0.9996928389653235,70757347930.26117,18082766933.46164
Solana,SOL,98.7653717279119,55943564557.91412,5008574021.478079
TRON,TRX,0.2833117799492439,26834527357.56645,683446839.2129267
Dogecoin,DOGE,0.10607280261430851,17882880950.256924,1707148444.2860355
Cardano,ADA,0.29323478153965715,10569975027.830938,678603675.3925021
Bitcoin Cash,BCH,524.3337585244167,10481335158.866362,551788460.6884595
Hyperliquid,HYPE,33.5920889120877,10147225887.498642,1158943756.049527
UNUS SED LEO,LEO,8.684552073453425,8004492364.481113,4800672.19013043
Monero,XMR,379.7124239984807,7004457907.1078615,121285840.93923931
Canton,CC,0.1807397327435808,6803847099.854819,39199945.4304625
Chainlink,LINK,9.429458877110942,6676999552.266139,933493762.8694407
Ethena USDe,USDe,0.9982099076339347,6534465375.364214,109207431.78550923
Stellar,XLM,0.17506527732475557,5699769257.772345,150938185.27411395
Dai,DAI,0.9995299143160365,5362860513.067364,136438829.18464184
World Liberty Financial USD,USD1,0.9996378967231386,5119388583.40325,2121757444.646099
Zcash,ZEC,278.85450335017265,4606052051.417952,406213442.25649613
Litecoin,LTC,58.99061478639501,4530999187.394136,448727603.3423409
Sui,SUI,1.120310089628297,4308905888.930622,834621082.2844461
Avalanche,AVAX,9.910593124051953,4278745405.9471536,368737422.4706968
Shiba Inu,SHIB,6.7291389376837764e-06,3965104090.705487,154282323.34066978
Hedera,HBAR,0.09101004851120709,3913717736.040722,137120715.8264047
World Liberty Financial,WLFI,0.1359063884954957,3634468795.6245027,120219595.43261975
PayPal USD,PYUSD,0.9996559638049104,3564840504.6732,205789893.1672029
Toncoin,TON,1.3844448803903933,3373135393.3102713,98364313.12907018
Cronos,CRO,0.08121264438275212,3235028177.0387087,29044427.86006645
Polkadot,DOT,1.4987599438393187,2490568542.9480705,194468077.7201148
Uniswap,UNI,3.875250552348697,2459433819.0842323,273329617.0252786
Tether Gold,XAUt,4930.1957814330335,2414936312.347069,1211637694.0180068
Mantle,MNT,0.7120438406447379,2316238778.7781262,73501161.28334503
PAX Gold,PAXG,4950.790002066363,2225027223.519063,1050984325.2149125
Bitget Token,BGB,2.99381839730255,2093250838.0218523,26972510.70527506
Bittensor,TAO,194.1777496807052,2065913549.3216772,122830085.24789666
Aave,AAVE,126.789333620495,1942798613.9406672,444526247.115422
MemeCore,M,1.4761755864477517,1866348099.937794,9592473.24139506
OKB,OKB,84.300099424011,1770302087.904231,31985297.2445153
Pepe,PEPE,4.183051646886002e-06,1730831743.9083579,434009543.06299686
Global Dollar,USDG,0.9998451793584248,1578702395.083903,53835568.16925297
NEAR Protocol,NEAR,1.1751413002210644,1512213071.408962,165546067.26405334
Ripple USD,RLUSD,0.99964507444443,1493925574.7048697,238132520.54189676
Ethereum Classic,ETC,9.564432904509832,1486183300.334407,77541128.77506414
MYX Finance,MYX,5.863099164304935,1474413620.340371,19115499.52279512
Aster,ASTER,0.5667055241329035,1459058864.889458,186399230.63285717
Internet Computer,ICP,2.6584605848071425,1456179601.2808185,90222493.78311834
Pi,PI,0.15843877853813054,1387348007.1427944,14920910.17290033
Sky,SKY,0.05993625823966911,1378952160.3888724,24808897.08221554
Ondo,ONDO,0.280780331138285,1367212271.4864595,96197608.4725437
KuCoin Token,KCS,8.947141683074497,1182409703.597909,4014956.1054938
Worldcoin,WLD,0.4160491001970812,1164400156.9195864,144471532.28216383
Polygon (prev. MATIC),POL,0.10994646793011559,1163756257.425431,138955962.0440703
Ethena,ENA,0.13707908816628256,1090849681.2982454,146037219.20251992
USDD,USDD,0.9989151920814825,1024847618.8289659,4666267.88153707
OFFICIAL TRUMP,TRUMP,4.201752156522332,976898965.532441,217146084.57476774
Cosmos,ATOM,1.9731415164103896,969113980.5812088,54603488.72402082
Aptos,APT,1.248185988289105,956038999.9973574,79815333.09688175
Algorand,ALGO,0.10522797566967121,933285620.601524,49199917.51267977
GateToken,GT,7.832392632264489,902139471.7278774,3499154.2085853
Kaspa,KAS,0.03227265317771818,876919187.8029026,32157405.42444245
Pump.fun,PUMP,0.00246688692127089,873277970.1298951,250429049.40919882
Flare,FLR,0.009975568172585523,843659215.1003447,6344170.8413927
Midnight,NIGHT,0.049426744665674864,820849689.7541087,19789291.87646359
Render,RENDER,1.5501111880693133,804065480.0592793,57373306.57134704
Quant,QNT,65.96720953241211,796404837.275914,20152529.59589287
Filecoin,FIL,1.0646062023281764,794655881.3107368,107655030.92077234
United Stables,U,0.9995211950807581,759536164.1864816,47419943.54353859
Arbitrum,ARB,0.12944343153454443,754239051.0389649,168784682.1911319
VeChain,VET,0.008397125083231255,722027146.050059,27201046.01430948
XDC Network,XDC,0.03711780198629834,708480347.376914,36547801.07386071
Jupiter,JUP,0.19421054275402871,629997889.0137138,69391971.82939893
Bonk,BONK,7.103101646611606e-06,625038557.5315197,103049752.37048136
Sei,SEI,0.08666001718358751,573015291.3802192,70581696.84167895
Stacks,STX,0.30480549963462084,553101823.9092773,77269025.27502652
LayerZero,ZRO,1.790493831227079,531700748.3325368,88126224.3946681
Dash,DASH,41.96199141280543,527817718.58704054,121903047.65758881
PancakeSwap,CAKE,1.5385758544339063,512186956.85385364,48944944.07398185
Tezos,XTZ,0.47269948527459577,507776692.93542385,25845888.52182616
Nexo,NEXO,0.7832782021016017,506111951.517489,12710638.32222281
TrueUSD,TUSD,0.9979116578574199,493482366.3120296,21878095.65210714
Story,IP,1.3921378468176204,487053323.4212693,130546217.96337481
Stable,STABLE,0.02696005653475365,474496995.0116642,63189513.79583707
Pudgy Penguins,PENGU,0.0074824068955080545,470347061.15848285,127077059.29721053
Morpho,MORPHO,1.231794993516086,466630770.82366073,35403715.47511485
Chiliz,CHZ,0.04345931198967878,445676948.1895638,92062112.01001455
First Digital USD,FDUSD,0.9976848314724795,443008660.9813361,1446827792.6909063
EURC,EURC,1.1809720621512596,423050790.0153793,55360176.07750744
Virtuals Protocol,VIRTUAL,0.6439411469545909,422607383.9077903,86838757.49710725
Optimism,OP,0.21480720431413167,417605074.2086494,84691110.27865975
Artificial Superintelligence Alliance,FET,0.18011636153927638,411936523.9873029,53832443.10576223
Curve DAO Token,CRV,0.27855190224878473,407119129.9796563,75072038.95007865
Lighter,LIT,1.5328888981924413,383222224.5481103,63628769.54507478
DoubleZero,2Z,0.10998359522125546,381798977.16398257,13730558.79733956
Kaia,KAIA,0.058881459269297866,367127765.521934,35917431.98726805
Injective,INJ,3.6221467600405544,362109399.793555,48157704.0724907
JUST,JST,0.04074660141398531,359185695.77717024,32030010.50223702
Immutable,IMX,0.1792402279368441,356503889.4956884,18848567.54359441
Aerodrome Finance,AERO,0.3879876557757799,355330258.9455254,22634575.47296502
Maple Finance,SYRUP,0.3049718500304637,352896862.60825825,19699066.36405315
ether.fi,ETHFI,0.5042307753432749,352640604.89409417,45033850.23727223
Sun [New],SUN,0.018200072714031516,349547806.07434434,25275300.89665457
Lido DAO,LDO,0.4097459377207893,347491927.27825385,40399391.63388846
AINFT,NFT,3.486264121759841e-07,345176960.55699486,19517280.90493569
BitTorrent [New],BTT,3.463130414021617e-07,341824092.22464377,17359155.69207423
Decred,DCR,19.41754856902698,335099928.0433598,4691479.37908504
FLOKI,FLOKI,3.485872490282556e-05,332525951.1351268,58060556.33680174
Celestia,TIA,0.36947919041042737,323358483.2793024,33835063.37631423
The Graph,GRT,0.029571598624863308,316548078.58820385,22182811.92532993
IOTA,IOTA,0.07345919414906628,313361053.1440415,17235442.03925069
Bitcoin SV,BSV,14.900382624098029,297763798.40757805,21118390.99270641
JasmyCoin,JASMY,0.00600746800397466,297039253.51713365,21977423.78839544
Starknet,STRK,0.056143682631905105,296683240.164524,56743477.03818821
Gnosis,GNO,110.71245717524964,292200189.452349,4902628.93656861
Pyth Network,PYTH,0.050342363341810546,289467707.6553809,23365852.02622589
Conflux,CFX,0.05524348452605352,286130114.4977524,16430760.75423301
SPX6900,SPX,0.3052315222171889,284168438.05575055,18785075.76844257
Axie Infinity,AXS,1.659679247143685,280294633.1939507,131349676.7966382
Trust Wallet Token,TWT,0.6507887725783328,279748397.2361029,21709337.22955902
AB,AB,0.002763287043613999,273078142.7662911,6535422.42592291
Telcoin,TEL,0.0028382944247859676,270201913.9631127,3344831.43549727
The Sandbox,SAND,0.09880841242117477,263550611.5398283,41810263.92122152
Humanity Protocol,H,0.10913073545010442,263083022.99125338,33577338.40331805
River,RIVER,13.238204158215746,259468801.50102863,77955725.975244
Sentient,SENT,0.03533162569113137,255726027.6332265,1118079745.550642
Ethereum Name Service,ENS,6.6729771979015995,254932305.0584457,33401196.40248989
Kite,KITE,0.1412591906983311,254266543.25699598,49170445.00452703
dogwifhat,WIF,0.2534373465916392,253143236.75020763,130760298.48270254
Pendle,PENDLE,1.5282062369523977,249643979.93282497,62498369.62759294
Neo,NEO,3.173316659036017,223842047.52122623,19233884.47308015
Gala,GALA,0.004728988838716839,223214953.57762793,26131835.97070799
Decentraland,MANA,0.11165796780357522,219935938.42152274,21708332.32513511
Fartcoin,FARTCOIN,0.21949558833265628,219495205.53235024,53881525.07028273
Theta Network,THETA,0.21879930334395098,218799303.343951,11600865.97682469
Golem,GLM,0.21201358872066342,212013588.72066343,18198514.04672343
Onyxcoin,XCN,0.005491397973398829,203185938.24145332,9477988.88390583
Terra Classic,LUNC,3.6828069349807e-05,201266540.02640083,14203285.53475154
Zebec Network,ZBCN,0.002030922535273955,198934722.23175356,13284090.21634239
ZKsync,ZK,0.022976737201195984,198248264.69556537,91667767.72923146
Fluid,FLUID,2.5541281924270196,198028056.00213,4859451.71306827
Compound,COMP,19.77700241155908,197073671.2274726,37269360.19522935
Monad,MON,0.01783057938823122,193115577.0632369,72901481.81741866
DeXe,DEXE,2.282679435845459,191137153.1937196,4745536.54317243
Raydium,RAY,0.6799974643186679,182848792.5873543,28346798.90515006
Falcon Finance,FF,0.07796386404521496,182435441.865803,113331585.34761024
Vision,VSN,0.05192453006948405,181200196.81334218,23312893.47408656
Convex Finance,CVX,1.8130064871307496,180403394.4102558,8432296.32849559
Basic Attention Token,BAT,0.1196395420257165,178946472.991511,22905431.12877847
pippin,PIPPIN,0.1785313493301616,178530680.37319565,21407814.39994686
eCash,XEC,8.764435764593962e-06,175144855.16469657,5464440.28547318
BUILDon,B,0.17506964151375687,175069641.51375687,6077920.93633794
MX Token,MX,1.9026730342701208,174736418.94105852,8807521.92872903
OriginTrail,TRAC,0.34744301658820353,173720917.50269124,10465341.49820309
Plasma,XPL,0.09619770523744497,173155869.42740095,76039136.01356941
Helium,HNT,0.9048936283879051,168601082.34607428,7618140.04168796
Arweave,AR,2.4957772258895115,163853929.46628547,27988245.25325605
THORChain,RUNE,0.44914219507066877,157630306.55094272,23086661.03175817
Lombard,BARD,0.6992015126671838,157320340.35011634,16555133.11441665
1inch,1INCH,0.11137409782612828,156786201.9647821,29507585.01433811
WEMIX,WEMIX,0.32567557721516954,150406877.47924525,1544348.94870605
Walrus,WAL,0.09334330995872003,150263282.54174563,20731483.58926666
Vaulta,A,0.09234239414380126,149636298.33823666,25453256.31211641
EigenCloud,EIGEN,0.24981501558112978,147269163.25583774,28692665.84597829
Sonic,S,0.0501738865695044,144500793.32017267,23283008.33453279
MultiversX,EGLD,4.803076058449944,140495880.18609846,10346952.17216961
DeepBook Protocol,DEEP,0.029289729685513514,140041771.89846608,47031161.73019151
币安人生,币安人生,0.139417804035358,139417804.035358,39818949.43504792
SafePal,SFP,0.27650794382525673,138253971.91262835,3341548.78812064
Amp,AMP,0.001603838968321227,135174994.07503605,10250721.99168584
Open Campus,EDU,0.16233096197132552,134957903.3465798,11681564.83793386
Kamino,KMNO,0.03497047751496581,134708202.16067088,7821335.87156809
Livepeer,LPT,2.6296428932339655,129999520.07363826,14128292.23137832
0G,0G,0.6010774829199441,128176165.5656256,25556395.44007508
Wormhole,W,0.024018185440755152,127941816.42396882,24219428.12468947
Oasis,ROSE,0.01696269075824202,127397798.26002112,33653522.92597549
Beam,BEAM,0.002530213371246921,125159545.16802953,6783902.73178061
Jito,JTO,0.28902128225663476,124981251.840445,21103132.69815669
Gas,GAS,1.918978816509448,124718906.4245703,12305557.12480921
Official Melania Meme,MELANIA,0.12753034590677834,124660450.87885167,20581264.76151625
Horizen,ZEN,6.8921936550156655,122654925.7644974,40237766.36401977
Synthetix,SNX,0.34545907915153545,118653523.04392827,30863599.54812532
Cheems (cheems.pet),CHEEMS,6.28913219567252e-07,117918105.97346944,2895184.23448768
Reserve Rights,RSR,0.0018714952339885286,117067967.18216121,12973615.0097923
Meteora,MET,0.2336118793351578,116666344.45312387,18176010.80583494
AWE,AWE,0.059797171019203545,116151237.85533929,10977651.11404235
Zilliqa,ZIL,0.0058183441033313535,115824556.868567,357573891.29617196
FTX Token,FTT,0.35160856839034643,115642336.60235608,3043525.54029819
Irys,IRYS,0.05203952641983347,113965588.8356193,14040793.89352838
Qtum,QTUM,1.0728998690382818,113681097.46255802,20409227.23968295
ZORA,ZORA,0.025334066889089037,113243278.96889393,35875124.60291032
Aethir,ATH,0.006789449971331097,112749764.72129494,14954491.43975461
Theta Fuel,TFUEL,0.01555694495570135,112264757.3665885,2364069.20327171
ApeCoin,APE,0.14509511439530084,109206057.66872148,21606301.39053404
Fogo,FOGO,0.028728006793144342,108242383.6064636,46936962.73164257
dYdX,DYDX,0.13074768917586743,107811601.86671896,8691196.5242102
Akash Network,AKT,0.3667562579391249,105384487.9630283,2351865.82662154
Ravencoin,RVN,0.006518091059751947,104703233.34322353,22592246.82408836
Dog (Bitcoin),DOG,0.0010445708677464763,104457086.77464762,3318960.60884359
Stargate Finance,STG,0.15415133164168093,101886533.9900447,8541926.61992248
Rain,RAIN,0.00909470125157247,3090643642.513081,40413266.88702174
Falcon USD,USDf,0.9937063626110463,1916217117.9760835,7464649.7968519
Jupiter Perps LP,JLP,3.9771595285975416,1484629611.5821486,41450399.17985423
Ondo US Dollar Yield,USDY,1.120217684442223,704553442.8821162,1228617.54152441
Beldex,BDX,0.08138911760610137,619002526.9079484,9660284.23919478
Usual USD,USD0,0.9971299765851401,588753754.813059,625947.73993664
GHO,GHO,0.9990010164058714,516440072.1789896,1870182.36055886
USDai,USDAI,0.998995903933741,500847721.30656886,1937835.87111113
Fasttoken,FTN,1.088102697320469,474697329.03240883,12151751.59117324
c8ntinuum,CTM,0.0974251645947444,424729107.3743528,1120169.09790313
Legacy Frax Dollar,FRAX,0.992079978086223,273967995.64942974,5248263.83715251
Undeads Games,UDS,2.2057922213658356,218924012.248128,518578.31673056
Ultima,ULTIMA,5762.834171163435,215581863.50905293,16316459.20495663
Ape and Pepe,APEPE,1.0059412631364784e-06,211247665.25866047,31339225.02240461
SwissBorg,BORG,0.2067950198009436,203124913.49111363,484612.82715465
Zeebu,ZBU,0.47782240403328835,197640723.605987,65889.06625786
WeFi,WFI,2.3544138608689362,185546853.86340183,4455107.28751039
AUSD,AUSD,0.9998152311971608,174158921.96125633,39068558.47239026
Aster USDF,USDF,0.9970474262884621,170063971.12701818,248156.46980152
48 Club Token,KOGE,47.94455992375124,162447120.99749258,119160587.50050892
GUSD,GUSD,0.9984715751397787,149211592.18888852,288556.66005484
Loaded Lions,LION,0.00477378377716645,147248414.1139458,1232450.36142036
StandX DUSD,DUSD,0.9977806209826529,144575709.3898288,7426289.39646036
SoSoValue,SOSO,0.5207851468320597,143094351.62670228,6546686.06699562
Ailey,ALE,0.3129804890603356,137624476.16180867,211537.28927912
Rollbit Coin,RLB,0.07782931404709824,137188931.28182814,463192.37967144
Zano,ZANO,9.138266951651701,137104169.69398293,1419421.68913021
GoМining,GOMINING,0.3378732147375567,137084358.152471,9645312.78586181
Keeta,KTA,0.2680940241569242,129091500.91781193,5321929.28370196
ADI,ADI,2.4751737984370505,126605139.69104818,956372.64151247
Ribbita by Virtuals,TIBBIR,0.126473657887117,126473657.887117,7907548.80172983
BitMart Token,BMX,0.38289731237150465,124166559.20407009,6094771.11972048
Frax USD,FRXUSD,0.9997536907466703,115614211.39474174,14380987.73249262
Concordium,CCD,0.009566923627450192,114309453.02964734,426223.60125625
Yooldo,ESPORTS,0.4171445055662351,113401095.08532248,147896054.26069376
SLT,SLT,12.850996083142986,109233466.70671538,272966.72156775
ViciCoin,VCNT,17.47859991282918,106429148.56470534,234583.45965515
MNEE,MNEE,1.0000980313632277,100727306.87059732,87808.48771379
yearn.finance,YFI,2834.256449946544,99445999.6299886,21251053.98678302
YZY MONEY,YZY,0.3308925325499541,99267637.65432817,1293900.58375949
0x Protocol,ZRX,0.11439094172808016,97048881.78869355,25227956.9893805
Defi App,HOME,0.02925596627891276,96820995.06583877,21026142.90397575
Solana Mobile Seeker,SKR,0.018106450576076138,96803799.99731703,51553340.16076624
Nervos Network,CKB,0.0019839022001796446,95529975.09269045,4113948.96410083
Four,FORM,0.24734320663252696,94452271.39542025,7766899.54882129
Verge,XVG,0.005684661209747461,93921695.29915796,5271843.3812733
Creditcoin,CTC,0.18202875348263234,93864730.77069506,6900691.07962163
Brett (Based),BRETT,0.009277605592562608,91943264.6018695,12479619.4808961
Core,CORE,0.08559403128931799,91706476.73855649,7392352.70974555
Flow,FLOW,0.05624004532485492,91649066.8795621,9747762.40217711
Venice Token,VVV,2.1211325679197524,91356715.9075895,2556443.50961616
Kusama,KSM,5.157740494584306,91375037.756286,8941471.53590035
Mina,MINA,0.07156299100010599,91080477.66332452,12443628.03054338
CoW Protocol,COW,0.16268704264826145,91078862.112494,3832219.48927636
SuperVerse,SUPER,0.1427714214423893,90968613.86350934,9118452.78485901
Threshold,T,0.007978971409270787,89005426.07041563,7538152.62746335
NEXPACE,NXPC,0.3721068986946694,88836412.57793698,12032621.79014097
DigiByte,DGB,0.004891835292109758,88695429.20026939,2131773.24069046
KAITO,KAITO,0.3656150524616509,88255411.31539463,14110790.07645115
Toshi,TOSHI,0.00020277047744723394,85299762.99591321,11828767.88947932
Turbo,TURBO,0.001232662014650041,85053679.01085283,15308509.44366746
Unibase,UB,0.03400690201913832,85017255.0478458,12760382.18842496
The White Whale,WHITEWHALE,0.08500229173162759,84987210.45502397,6630000.27362246
Baby Doge Coin,BabyDoge,4.76482152634267e-10,84175044.08975622,7531711.99248311
Nano,XNO,0.6244891670424884,83212118.00336011,614138.11423144
Movement,MOVE,0.02599309676950329,82636386.82171024,26018979.24370816
Moonbirds,BIRB,0.28989628242224574,82620440.49034004,363324763.4438287
Safe,SAFE,0.11680480993889793,81840147.89821303,4201430.54031353
Shuffle,SHFL,0.21932314303430284,81750622.04473083,293708.3821121
Aleo,ALEO,0.09510239629068949,81536687.93926965,8583728.12382674
Frax (prev. FXS),FRAX,0.8605579264993108,80865243.38227077,20589924.29877676
RaveDAO,RAVE,0.3425848460183943,80417034.44189171,8866727.76097374
Velo,VELO,0.004586789468616186,80561801.99236137,5028319.62387064
Pieverse,PIEVERSE,0.4276395756621971,79977283.87041467,10472136.69965578
AIOZ Network,AIOZ,0.06469899845990748,79818550.87161422,4949141.54741459
Alchemy Pay,ACH,0.007943194227062531,78647120.08257568,9441429.49976421
KUB Coin,KUB,1.1294540554696182,77903840.47830848,334650.7089851
Ronin,RON,0.10291522354336823,77870976.7333926,3590920.86614345
RealLink,REAL,0.0566561657959931,77847937.31192884,5291551.21175239
SOON,SOON,0.18955172122398348,77698748.18544228,5504077.79564129
EUR CoinVertible,EURCV,1.180034272018394,77594273.40909365,19510495.84998815
lisUSD,lisUSD,0.9966769664416177,76641420.76133248,33433.01988811
PlaysOut,PLAY,0.09513199059747007,76145230.83910233,13476801.85859503
ZetaChain,ZETA,0.059392880654458996,75229126.1545919,9178569.46992649
Siacoin,SC,0.0013414921025183182,75157948.93292573,6811419.60491346
Comedian,BAN,0.07360351791653945,73600710.6047626,7998050.70146569
Holo,HOT,0.00041814857919877116,73315035.27502277,6698745.73300112
SPACE ID,ID,0.05642111095278402,73128104.0914717,7186752.54292641
Astar,ASTR,0.00855601227062574,73000896.09510411,16916257.96576361
Magic Eden,ME,0.1585743492907044,72843661.50443174,5439743.79661683
Request,REQ,0.09124031727936513,72690689.12234002,1959022.59763861
Pirate Chain,ARRR,0.37026948521579994,72651981.96679252,213593.88640686
Mog Coin,MOG,1.859803568500854e-07,72637887.9401048,6356282.43747752
Axelar,AXL,0.06434527799983353,71686532.35063778,42110620.12827092
USDH,USDH,0.9991123367585956,71472225.00059634,23767226.98024996
Numeraire,NMR,9.509774175467168,71186874.55030459,15450610.63055514
Alchemist AI,ALCH,0.0835605862575865,71026498.31894852,22297743.34946326
Qubic,QUBIC,5.252858686602917e-07,70361981.57495053,1352530.18222677
Dohrnii,DHN,4.110820286589059,70192429.04796022,167088.75375665
U.S. Dollar Tokenized Currency (Ondo),USDon,0.9990298197979057,70038532.52355856,22603829.26715949
VVS Finance,VVS,1.6072996304473697e-06,70003531.10745014,633908.80423276
XPR Network,XPR,0.002462092065975005,69976408.49232267,1976903.9112809
MultiBank Group,MBG,0.3612305691862068,68979499.23315544,20247828.63176586
Tesla tokenized stock (xStock),TSLAX,416.61248176298824,68531923.17608821,41156908.96528337
Waves,WAVES,0.5706837326659996,68504649.27846846,28092219.74698463
Kava,KAVA,0.06324779572141588,68487705.08087792,5798491.97497463
MindWaveDAO,NILA,0.08109107337029842,68340813.85662192,386680.23921481
Moca Network,MOCA,0.0171911293836374,67951246.51683101,6708003.16851614
aelf,ELF,0.08267034371844816,67675795.01112296,2040865.47609539
SushiSwap,SUSHI,0.23546813685712584,67540302.76423818,13919487.95544855
Paycoin,PCI,0.06339760373204228,67397106.02489847,569040.00196776
Berachain,BERA,0.4502317931618313,66410188.31881825,24051738.96492667
Alphabet Class A Tokenized Stock (Ondo),GOOGLon,338.5869541051799,66331092.83713937,3696897.28090534
InitVerse,INI,0.12129313346333916,66266786.199511774,1391813.86618391
VeThor Token,VTHO,0.0006678009602578888,65364042.07410969,3405379.53705917
siren,SIREN,0.08991470948094052,65535048.62372942,13233780.22348291
GMX,GMX,6.2949841515922484,65376983.115762085,5878311.52307297
Rekt (rekt.com),REKT,2.32636516036174e-07,65339523.17774415,539254.1992501
ORDI,ORDI,3.106197924183187,65230156.40784693,18564481.84898932
XYO,XYO,0.004769205623814856,65124386.1841566,7849986.08191568
MetYa,MY,0.06603288523368113,64728852.648992985,7801562.06865148
AI Rig Complex,ARC,0.0642079312864078,64207823.35287531,20519109.26074224
RedStone,RED,0.20921767879830372,64155429.793716244,3878397.12961115
Linea,LINEA,0.004115027951711832,63709471.15528525,41855783.14056239
ssv.network,SSV,3.9325033232620195,63386559.29410437,17819291.72142566
Matrixdock Gold,XAUM,4891.121136696474,63345034.83371212,408734.36014697
World Mobile Token,WMTX,0.0763974032821898,63188260.52312841,676093928.9490563
Impossible Cloud Network,ICNT,0.3760242807695808,62881097.2919074,5788267.64482107
IoTeX,IOTX,0.006599351830755665,62306915.65640339,4542028.90872961
Succinct,PROVE,0.3188175830670092,62169428.69806679,12596903.66804056
Blur,BLUR,0.022747035254464913,61841119.82652188,8992296.88882301
GEODNET,GEOD,0.14067774162791233,61726290.378736325,503489.86151368
Subsquid,SQD,0.062420345110836356,61702384.210338034,2805738.20410525
Merlin Chain,MERL,0.05446460396707168,61272475.656407595,40332285.74902976
WhiteRock,WHITE,9.419309792024133e-05,61225513.64815687,220700.94857865
Sign,SIGN,0.03729621503496288,61165792.657339126,6302545.84348989
cat in a dogs world,MEW,0.0006861644657063124,60992396.95106229,14070491.78810401
Bio Protocol,BIO,0.030675181885049807,60678409.43590277,27838184.50657015
Avantis,AVNT,0.23336968134063638,60257429.33761175,17301875.34356277
Venus BUSD,vBUSD,0.022298698856056242,60089875.19672314,0.0
Zama,ZAMA,0.027310389817511868,60082857.59852611,291070857.3724253
Quack AI,Q,0.0172650791217413,60059453.394829124,7648125.1645464
Status,SNT,0.012437553731054667,59674573.86351313,4315441.97823008
Drift,DRIFT,0.10591199738047426,58561889.4675464,8811487.31945442
UnifAI Network,UAI,0.24483792668307738,58516264.47725549,30793651.40829717
Venus,XVS,3.593629036576801,58495917.96669365,6855276.11695443
MANTRA,OM,0.04945533332572752,58427144.36523916,20790363.81751382
Huma Finance,HUMA,0.022084102543375193,57222854.22952954,10504411.29594086
Plume,PLUME,0.01190068692874936,57197086.241527885,9001913.14528251
Vitalum,VAM,0.1682041742878414,57142132.01834854,1801068.55963712
ZIGChain,ZIG,0.04043957819792869,56976971.46534573,2856480.17104299
Ankr,ANKR,0.005682353847464771,56823538.47464771,133589795.617705
HashKey Platform Token,HSK,0.163136352672621,56275517.68617451,3109869.00091736
Anchored Coins AEUR,AEUR,1.1722164211628707,56183869.57196347,3700812.84746621
Decentralized Social,DESO,6.30866593928514,56049569.64955264,56524.35263423
Peanut the Squirrel,PNUT,0.05579929408258218,55790510.42668368,18126509.33475008
Victoria VR,VR,0.0032971389285021283,55391933.99883576,817910.16233571
Loopring,LRC,0.04036430640071948,55224610.52390756,9591097.40450742
Popcat (SOL),POPCAT,0.05620416412468959,55078573.70505313,14172732.73916882
Celo,CELO,0.09113795060850242,54214516.2430501,11727153.95014082
BSquared Network,B2,0.8027827514647056,54070123.68902036,32370122.28939381
BitDCA,BDCA,0.7140099341483201,53989529.34379092,259406.05234298
Department Of Government Efficiency (DOGE),DOGE,0.1059213973555503,52960698.67777515,4009.76818007
Moo Deng (moodengsol.com),MOODENG,0.0533865739307748,52851202.21867876,12864895.76265255
Staika,STIK,0.38690713555469564,52824534.18671466,22977.43506561
Vana,VANA,1.75790175963537,52884716.53687047,12143668.74642881
Orca,ORCA,0.8760551974192297,52701006.58785142,4915947.46065293
VNDC,VNDC,3.728694231510342e-05,52666552.785034396,13151119.6879396
Mask Network,MASK,0.5250725684866273,52507256.84866273,20969359.07066142
Non-Playable Coin,NPC,0.006955044455184714,52423425.69921179,6080595.34069229
QuantixAI,QAI,65.0832418206547,52317303.281113274,5862178.04599977
Dusk,DUSK,0.10510351278956488,52236445.78455711,25037627.03143459
Law Blocks (AI),LBT,0.2130285977281906,52191577.82986807,531114.66236207
Quai Network,QUAI,0.0662709876069851,51856017.75250547,604592.32792548
Jelly-My-Jelly,JELLYJELLY,0.052117663129788,52117616.17177352,4205233.80586495
ETHGas,GWEI,0.02974654397603589,52056451.958062805,58399732.64685576
Cysic,CYS,0.31906030191267093,51304896.54755749,14685293.63892609
Spark,SPK,0.021746827113773168,51247970.496578336,17593970.22065655
Memecoin,MEME,0.0008267459566814728,50994098.164382614,7235831.98239116
Kinetiq,KNTQ,0.188454655375625,50882756.95141875,2495667.0357996
UMA,UMA,0.567177660776937,50876991.24734496,5406348.42031286
Grass,GRASS,0.20770574627216995,50660488.94573652,13929771.82460191
Altlayer,ALT,0.0092808759486829,50494812.0471887,8099967.31286517
Ardor,ARDR,0.05048185739628653,50404429.90130333,5446587.69727937
Sahara AI,SAHARA,0.01807340545359972,50181939.82976047,10280762.85497766
ISLM,ISLM,0.022927229158671025,50129443.92680994,39528.70867229
Sologenic,SOLO,0.1256769307696112,50116944.14442122,2840039.38358695
ChainOpera AI,COAI,0.2657274650937352,49956789.4789138,7565768.83247477
Fractal Bitcoin,FB,0.5257024776580614,49779437.85175385,3455186.70451779
ICON,ICX,0.04571450467072226,49756838.4754129,1491735.50185823
Polymesh,POLYX,0.04860262192392872,49709544.57230125,6575622.32280178
Centrifuge,CFG,0.08611762337487897,49577668.70545636,517005.01763303
MobileCoin,MOB,0.24985303566558453,49570774.06617323,19337.79889503
Eurite,EURI,1.1807619334964965,49555318.475748114,9547168.78436017
StorX Network,SRX,0.06767714826982105,49096253.753005296,2968564.03784754
OWB,OWB,0.1072655413888791,48819917.20163121,2283426.18071614
Ontology,ONT,0.05215719178595975,48728407.62323569,8104813.55701888
UPCX,UPC,0.48300137481936833,48526980.816425696,224142.63974651
GOHOME,GOHOME,96.76236485825754,48371022.38081865,1362350.49366658
Chia,XCH,3.351865419481597,48306166.01444384,3043856.21511946
LCX,LCX,0.05070598745061066,48143297.340594016,1122307.72777341
Gemini Dollar,GUSD,0.9990208758231373,48048290.5887471,3388067.73054849
Casper,CSPR,0.00346842145399294,47939308.25668688,1117902.73042878
Pundi X (New),PUNDIX,0.1845601312152853,47687853.92966575,2480590.47018772
GeorgePlaysClashRoyale,CLASH,0.04768191689877958,47667121.207829826,2252784.04733946
Pax Dollar,USDP,0.9987240341413612,47508755.76418721,958272.71289012
Terra,LUNA,0.06560232475581862,46576629.733401515,11371099.86219308
BORA,BORA,0.042166395060580376,46372492.96787327,5085390.81005612
Storj,STORJ,0.1094430968016326,46291516.42245422,8244617.37737665
Enjin Coin,ENJ,0.023897965428027662,46134760.459897496,7098890.64594146
Tether EURt,EURt,1.250533328112095,45503581.428862356,0.0
SKALE,SKL,0.0074120531636602096,45169195.30621734,14357972.85353023
Band,BAND,0.26301904105289114,45121151.176169,4741398.91723612
Notcoin,NOT,0.00044761334946615737,44505929.44179534,9210198.72129284
Useless Coin,USELESS,0.04440753878048752,44367114.73334706,14274691.84744794
EGL1,EGL1,0.044321133875672054,44321133.87567206,4150355.9564314
KGeN,KGEN,0.2095920444222446,44241221.31003226,2878702.06428328
Mind Network,FHE,0.1258511546322149,44173755.02420512,27935521.67170736
Somnia,SOMI,0.2034165477916009,44137701.5048501,23532064.60896139
Constellation,DAG,0.015316484511821783,44011126.658167355,1735394.31914369
Babylon,BABY,0.015495624189508762,43930662.02670525,8217379.35499759
BIM,BIM,1.4627575796797352,43882727.39039206,259186.1097965
Tellor,TRB,15.938270154630167,43815053.7537756,19199739.54524783
AI Analysis Token,AIAT,0.29902745774728623,43774468.7511341,372605.92268893
Apertum,APTM,0.5696314951795182,43686406.16515268,1328126.48083859
Harmony,ONE,0.002946822968719246,43728077.41050963,4802705.90414786
MVL,MVL,0.0015616741190113128,43419161.28844361,365782.79985927
DEAPcoin,DEP,0.0014514801634876939,43388951.38105023,165408.02410264
iExec RLC,RLC,0.49814054768291727,43338120.541643254,3949031.68684369
GMT,GMT,0.013860718682766138,43126242.25938606,9325994.85648515
IOST,IOST,0.001394239439399555,43025793.6314892,7978526.24073404
Tornado Cash,TORN,8.154824791321118,42895711.15430135,74878.10286384
GUNZ,GUN,0.027594346310823293,42904609.446413636,18793612.40944933
Tokenlon Network Token,LON,0.34517216408207185,42615928.91211231,73180.73584385
Powerledger,POWR,0.07394198286785025,42009117.88294731,4111486.80595036
StraitsX USD,XUSD,0.999383540559342,41870467.0847571,15558550.58178369
EscoinToken,ELG,0.2647159376235703,41596734.196681954,387935.39005997
RateX,RTX,2.4945785322251366,41559678.34687077,20460707.85922334
Hive,HIVE,0.08065514288669944,41533909.407744944,3020902.409231
Mango Network,MGO,0.025814575411970412,41379810.82078743,126086473.9572332
EthereumPoW,ETHW,0.3836651246083736,41366389.70564151,4011034.28042256
Rootstock Infrastructure Framework,RIF,0.04113745626622578,41137456.26622578,2436779.78698394
ApeX Protocol,APEX,0.29941698892026675,41028000.6518002,7595683.38382293
Pythia,PYTHIA,0.041012469038212866,40937041.45894989,441501.71258413
iShares Silver Trust Tokenized ETF (Ondo),SLVon,76.46686893413832,40918302.00783495,26838352.31226032
Atoshi,ATOS,0.04523703808593119,40856311.95273472,33289.86400555
Snek,SNEK,0.0005437175148475151,40636827.859517,3116253.10544503
Aegis YUSD,YUSD,0.9981187566932812,40582741.16118117,425901.79875006
Power Protocol,POWER,0.19289861967640462,40508710.13204497,3657517.77191284
Lagrange,LA,0.20888994830336124,40315760.02254872,19002209.80335689
Tagger,TAG,0.0003701996839487509,40131338.51289822,4264979.98190876
Ark,ARK,0.20847075248520416,40111882.08522692,4314778.78067716
BUSD,BUSD,0.9997536563153071,40016420.79256291,2165122.77105907
APRO,AT,0.16016212807779937,40040532.019449845,8098379.19657467
AI Companions,AIC,0.05240370042486832,39302759.597541116,1852869.23357522
ChangeNOW Token,NOW,0.46083759439662525,39080719.278805256,16344.02593132
Gravity (by Galxe),G,0.0037269502347716224,39048375.69477272,4993681.3475453
Rocket Pool,RPL,1.7648729017757825,39034212.23339874,4338853.06729504
ConstitutionDAO,PEOPLE,0.007677712401124672,38850279.16602013,12704590.75880628
SKYAI,SKYAI,0.0384535566967111,38453556.6967111,12027238.76336427
Derive,DRV,0.05173242716314727,38154200.60645659,349551.31483765
Liquity BOLD,BOLD,1.000513469211418,38056214.8645304,462598.03707984
SwftCoin,SWFTC,0.0037853250460319495,37853250.4603195,905817.14983417
Orbs,ORBS,0.008727569101134043,37816172.37995898,3480821.87325261
Alphabet tokenized stock (xStock),GOOGLX,338.82262908352936,37815748.027939126,21270821.56580579
Klickl Token,KLK,0.37715134495768754,37715134.495768756,866980.06169896
Stronghold SHx,SHX,0.006507965029301858,37706531.40944764,566432.01268196
COTI,COTI,0.014230456999819022,37500551.556348585,6081166.94877726
XPIN Network,XPIN,0.002107893560186543,37499454.38006353,5630055.41669118
Mango,MNGO,0.033506881128803484,37442833.579100415,11518.58947987
CROSS,CROSS,0.11021953603114407,36948111.402819246,4079642.87395877
Dogelon Mars,ELON,3.699493211378444e-08,36942557.451311514,7769996.37059892
Secret,SCRT,0.11151114738160571,36935486.78427541,5501155.8016657
ECOMI,OMI,0.00013011708113013596,36766193.28032917,1077319.01498704
Audiera,BEAT,0.18007229493612012,36557676.95689979,8641139.85108054
WOO,WOO,0.019297122991775245,36448060.262485646,4194149.11991245
Neiro,NEIRO,8.661760390989918e-05,36438680.10647372,23876413.75062773
Burnedfi,BURN,2.9349590420416596,36318553.29583346,172245.25990175
Spell Token,SPELL,0.0002114549795595435,36266757.951497376,5679078.04183089
Fellaz,FLZ,0.0768097268869663,36244585.26620361,185694.36135034
MEET48,IDOL,0.03458561956956916,36190392.317597166,10380029.93655163
Brevis,BREV,0.14420528700461704,36051321.75115426,20941077.28243021
Big Time,BIGTIME,0.017236809146937065,35899525.76715652,9306940.05631954
Uchain,UCN,717.8304581999441,35891522.9099972,7183263.72009601
BounceBit,BB,0.03698001802898243,35890247.44316321,5209246.22031644
CARV,CARV,0.07046052064029425,35767203.09709451,8062728.74842094
Cyber,CYBER,0.6052677418428857,35621247.4063246,90100078.33010778
Chintai,CHEX,0.03566732891342915,35599351.56513772,208880.18380709
Orbler,ORBR,0.03499694307582059,35542431.67830764,12378.08280147
Celo Dollar,CUSD,0.9995612400545766,35538565.875593804,1063195.7969662
Lumera Health,LUR,3.103435214559755,35396792.06143512,8.88008596
Pocket Network,POKT,0.015545729163688122,35375341.019860625,79856344.67072332
TronBank,TBK,0.3481240852518269,35223931.132843554,238961.30869258
GoPlus Security,GPS,0.008294682277996021,34998925.49113791,23702192.08543858
OLAXBT,AIO,0.15167506136316317,34923182.87886832,12390372.07057155
Bitlayer,BTR,0.13325379204412646,34859191.99874348,8318323.93138967
Bancor,BNT,0.31774054388421324,34796607.03481317,3159324.37809377
Corn,CORN,0.06605789431468341,34680394.51520879,7550196.0284158
Particle Network,PARTI,0.0782663790668231,34662222.23788736,8017375.32107667
Banana For Scale,BANANAS31,0.003455898922690917,34558989.22690917,7820696.53196267
